{
  "context": {
    "title": "Universal Linear Algebra Performance Audit (EXACT)",
    "timestamp": "2026-04-26T18:31:33.780504300Z"
  },
  "runs": [
    {"name":"ND4J (Native Wrapper)","provider":"NativeND4JLinearAlgebraBackend","domain":"Linear Algebra Performance","status":"SUCCESS","metrics":{"RB:Add:latency":23.40742,"RB:Add:throughput":42.72149600425848,"RB:Sub:latency":20.13335,"RB:Sub:throughput":49.66883305560177,"RB:Scale:latency":14.3922,"RB:Scale:throughput":69.48208057142062,"RB:Mul:latency":110.38743,"RB:Mul:throughput":9.059002460696838,"RB:MatVec:latency":8.1299,"RB:MatVec:throughput":123.00274296116804,"RB:Trans:latency":0.33799,"RB:Trans:throughput":2958.6674161957453,"RB:Inv:latency":14.16464,"RB:Inv:throughput":70.59833500886715,"RB:Det:latency":4.2519,"RB:Det:throughput":235.1889743408829,"RB:Solve:latency":28.63835,"RB:Solve:throughput":34.91821281603165,"RB:Trace:latency":0.00264,"RB:Trace:throughput":378787.8787878788,"RB:LU:latency":7.72977,"RB:LU:throughput":129.36995538030237,"RB:QR:latency":240.3047,"RB:QR:throughput":4.161383443603059,"RB:SVD:latency":1059.41921,"RB:SVD:throughput":0.9439134108206325,"RB:Chol:latency":46.55057,"RB:Chol:throughput":21.482014076304544,"RB:Eigen:latency":150.2988,"RB:Eigen:throughput":6.6534130678355385,"RB:Rect:Mul:latency":386.52031,"RB:Rect:Mul:throughput":2.587186168819952,"RB:Rect:Trans:latency":4.92088,"RB:Rect:Trans:throughput":203.21568499943098,"RB:Rect:MatVec:latency":7.94235,"RB:Rect:MatVec:throughput":125.90731962202622,"RB:Rect:SVD:latency":438.8723,"RB:Rect:SVD:throughput":2.278567136727472,"RB:Rect:QR:latency":340.63324,"RB:Rect:QR:throughput":2.9357087992939266,"RB:Tri:LowerSolve:latency":40.43978,"RB:Tri:LowerSolve:throughput":24.728126611964754,"RB:Tri:UpperSolve:latency":35.26612,"RB:Tri:UpperSolve:throughput":28.355827065750358,"RB:Tri:Mul:latency":33.12468,"RB:Tri:Mul:throughput":30.188970882133805,"RB:Vec:Dot:latency":1.01129,"RB:Vec:Dot:throughput":988.8360410960258,"RB:Vec:Norm:latency":-1.0,"RB:Vec:Normalize:latency":-1.0,"RB:Vec:Cross:latency":0.02423,"RB:Vec:Cross:throughput":41271.15146512588,"RB:Vec:Angle:latency":-1.0,"RB:Vec:Proj:latency":18.16092,"RB:Vec:Proj:throughput":55.06328974523317,"RB:Func:Exp:latency":37.26772,"RB:Func:Exp:throughput":26.832873060117443,"RB:Func:Log:latency":109.1803,"RB:Func:Log:throughput":9.159161497083264,"RB:Func:Sin:latency":32.73338,"RB:Func:Sin:throughput":30.549854613241898,"RB:Func:Cos:latency":37.29813,"RB:Func:Cos:throughput":26.810995618278987,"RB:Func:Tan:latency":59.41326,"RB:Func:Tan:throughput":16.831259553843704,"RB:Func:Sinh:latency":29.30984,"RB:Func:Sinh:throughput":34.11823469524228,"RB:Func:Cosh:latency":28.41823,"RB:Func:Cosh:throughput":35.188679942417245,"RB:Func:Tanh:latency":97.56993,"RB:Func:Tanh:throughput":10.249059315713355,"RB:Func:Sqrt:latency":0.10545,"RB:Func:Sqrt:throughput":9483.16737790422,"RB:Func:Cbrt:latency":183.77488,"RB:Func:Cbrt:throughput":5.4414400923564745,"RB:Func:Pow:latency":0.01226,"RB:Func:Pow:throughput":81566.06851549755}}
  ]
}