{
  "context": {
    "title": "Universal Linear Algebra Performance Audit (EXACT)",
    "timestamp": "2026-04-26T18:32:22.255680600Z"
  },
  "runs": [
    {"name":"ND4J (Native Wrapper)","provider":"NativeND4JLinearAlgebraBackend","domain":"Linear Algebra Performance","status":"SUCCESS","metrics":{"RB:Add:latency":12.88443,"RB:Add:throughput":77.6130569998052,"RB:Sub:latency":7.22893,"RB:Sub:throughput":138.33305897276637,"RB:Scale:latency":8.01193,"RB:Scale:throughput":124.8138713144024,"RB:Mul:latency":102.7671,"RB:Mul:throughput":9.730740674787944,"RB:MatVec:latency":21.79163,"RB:MatVec:throughput":45.8891785515815,"RB:Trans:latency":0.45102,"RB:Trans:throughput":2217.196576648486,"RB:Inv:latency":33.42171,"RB:Inv:throughput":29.920671324118366,"RB:Det:latency":23.96018,"RB:Det:throughput":41.73591350315398,"RB:Solve:latency":53.40811,"RB:Solve:throughput":18.723748134880637,"RB:Trace:latency":0.00296,"RB:Trace:throughput":337837.83783783787,"RB:LU:latency":6.35819,"RB:LU:throughput":157.27746418398948,"RB:QR:latency":155.85135,"RB:QR:throughput":6.416370470964801,"RB:SVD:latency":757.43065,"RB:SVD:throughput":1.3202528838778838,"RB:Chol:latency":23.56314,"RB:Chol:throughput":42.43916557810207,"RB:Eigen:latency":92.9555,"RB:Eigen:throughput":10.757835738606108,"RB:Rect:Mul:latency":173.55329,"RB:Rect:Mul:throughput":5.761919004819788,"RB:Rect:Trans:latency":2.09698,"RB:Rect:Trans:throughput":476.8762696830681,"RB:Rect:MatVec:latency":11.46544,"RB:Rect:MatVec:throughput":87.21863269093903,"RB:Rect:SVD:latency":730.48069,"RB:Rect:SVD:throughput":1.3689615806271347,"RB:Rect:QR:latency":230.56624,"RB:Rect:QR:throughput":4.337148404727422,"RB:Tri:LowerSolve:latency":25.52288,"RB:Tri:LowerSolve:throughput":39.18053135069396,"RB:Tri:UpperSolve:latency":23.64117,"RB:Tri:UpperSolve:throughput":42.29909095023639,"RB:Tri:Mul:latency":24.07748,"RB:Tri:Mul:throughput":41.53258563603832,"RB:Vec:Dot:latency":0.98323,"RB:Vec:Dot:throughput":1017.0560296166715,"RB:Vec:Norm:latency":-1.0,"RB:Vec:Normalize:latency":-1.0,"RB:Vec:Cross:latency":0.02295,"RB:Vec:Cross:throughput":43572.98474945533,"RB:Vec:Angle:latency":-1.0,"RB:Vec:Proj:latency":3.80795,"RB:Vec:Proj:throughput":262.608490132486,"RB:Func:Exp:latency":16.56766,"RB:Func:Exp:throughput":60.358553953907794,"RB:Func:Log:latency":81.49262,"RB:Func:Log:throughput":12.271049820216849,"RB:Func:Sin:latency":31.83381,"RB:Func:Sin:throughput":31.413142190645733,"RB:Func:Cos:latency":26.65791,"RB:Func:Cos:throughput":37.51231810745853,"RB:Func:Tan:latency":63.84977,"RB:Func:Tan:throughput":15.66176354276609,"RB:Func:Sinh:latency":38.36815,"RB:Func:Sinh:throughput":26.06328426051295,"RB:Func:Cosh:latency":35.6075,"RB:Func:Cosh:throughput":28.083971073509794,"RB:Func:Tanh:latency":50.81861,"RB:Func:Tanh:throughput":19.6778306214987,"RB:Func:Sqrt:latency":0.07169,"RB:Func:Sqrt:throughput":13948.946854512484,"RB:Func:Cbrt:latency":101.92081,"RB:Func:Cbrt:throughput":9.811538978153726,"RB:Func:Pow:latency":0.00564,"RB:Func:Pow:throughput":177304.96453900708}}
  ]
}