{
  "context": {
    "title": "Universal Linear Algebra Performance Audit (EXACT)",
    "timestamp": "2026-04-26T17:14:30.200643800Z"
  },
  "runs": [
    {"name":"ND4J (Native Wrapper)","provider":"NativeND4JLinearAlgebraBackend","domain":"Linear Algebra Performance","status":"SUCCESS","metrics":{"RB:Add:latency":6.55509,"RB:Add:throughput":152.55320674468237,"RB:Sub:latency":5.21921,"RB:Sub:throughput":191.59987814247748,"RB:Scale:latency":3.76411,"RB:Scale:throughput":265.66705011277566,"RB:Mul:latency":56.95601,"RB:Mul:throughput":17.557409657031805,"RB:MatVec:latency":6.94538,"RB:MatVec:throughput":143.98060293317283,"RB:Trans:latency":0.37504,"RB:Trans:throughput":2666.382252559727,"RB:Inv:latency":11.8242,"RB:Inv:throughput":84.57231778894133,"RB:Det:latency":6.87859,"RB:Det:throughput":145.3786313764885,"RB:Solve:latency":33.76359,"RB:Solve:throughput":29.617703567659717,"RB:Trace:latency":0.00209,"RB:Trace:throughput":478468.89952153113,"RB:LU:latency":38.45462,"RB:LU:throughput":26.004677721428532,"RB:QR:latency":90.81738,"RB:QR:throughput":11.011108226200756,"RB:SVD:latency":293.4294,"RB:SVD:throughput":3.407974797344779,"RB:Chol:latency":35.91057,"RB:Chol:throughput":27.846954253302023,"RB:Eigen:latency":188.0053,"RB:Eigen:throughput":5.3189989856668936,"RB:Rect:Mul:latency":130.08185,"RB:Rect:Mul:throughput":7.687467544472961,"RB:Rect:Trans:latency":0.46582,"RB:Rect:Trans:throughput":2146.751964278047,"RB:Rect:MatVec:latency":4.24429,"RB:Rect:MatVec:throughput":235.6106675085821,"RB:Rect:SVD:latency":375.4797,"RB:Rect:SVD:throughput":2.663259824698912,"RB:Rect:QR:latency":120.73183,"RB:Rect:QR:throughput":8.282819866144662,"RB:Tri:LowerSolve:latency":20.0949,"RB:Tri:LowerSolve:throughput":49.76387043478694,"RB:Tri:UpperSolve:latency":18.15324,"RB:Tri:UpperSolve:throughput":55.08658509445146,"RB:Tri:Mul:latency":17.13307,"RB:Tri:Mul:throughput":58.366655829924234,"RB:Vec:Dot:latency":0.82865,"RB:Vec:Dot:throughput":1206.7821154890485,"RB:Vec:Norm:latency":-1.0,"RB:Vec:Normalize:latency":-1.0,"RB:Vec:Cross:latency":0.01269,"RB:Vec:Cross:throughput":78802.20646178094,"RB:Vec:Angle:latency":-1.0,"RB:Vec:Proj:latency":4.09624,"RB:Vec:Proj:throughput":244.1263207233951,"RB:Func:Exp:latency":15.31899,"RB:Func:Exp:throughput":65.27845504174884,"RB:Func:Log:latency":42.89346,"RB:Func:Log:throughput":23.313577407837933,"RB:Func:Sin:latency":26.97071,"RB:Func:Sin:throughput":37.07725899688959,"RB:Func:Cos:latency":25.92632,"RB:Func:Cos:throughput":38.57084229462569,"RB:Func:Tan:latency":40.49036,"RB:Func:Tan:throughput":24.697236576804947,"RB:Func:Sinh:latency":14.72516,"RB:Func:Sinh:throughput":67.91097685865552,"RB:Func:Cosh:latency":15.5765,"RB:Func:Cosh:throughput":64.19927454819761,"RB:Func:Tanh:latency":27.1884,"RB:Func:Tanh:throughput":36.78039163761016,"RB:Func:Sqrt:latency":0.06777,"RB:Func:Sqrt:throughput":14755.791648221928,"RB:Func:Cbrt:latency":67.4498,"RB:Func:Cbrt:throughput":14.82584084756367,"RB:Func:Pow:latency":0.00555,"RB:Func:Pow:throughput":180180.18018018018}}
  ]
}