{
  "context": {
    "title": "Universal Linear Algebra Performance Audit (EXACT)",
    "timestamp": "2026-04-26T16:44:45.730637800Z"
  },
  "runs": [
    {"name":"ND4J (Native Wrapper)","provider":"NativeND4JLinearAlgebraBackend","domain":"Linear Algebra Performance","status":"SUCCESS","metrics":{"RB:Add:latency":3.9929,"RB:Add:throughput":250.44453905682585,"RB:Sub:latency":2.86224,"RB:Sub:throughput":349.37671194588853,"RB:Scale:latency":2.40132,"RB:Scale:throughput":416.43762597238185,"RB:Mul:latency":25.23387,"RB:Mul:throughput":39.62927604842222,"RB:MatVec:latency":3.22252,"RB:MatVec:throughput":310.3161500937155,"RB:Trans:latency":0.2602,"RB:Trans:throughput":3843.1975403535744,"RB:Inv:latency":4.32465,"RB:Inv:throughput":231.2325852959199,"RB:Det:latency":1.95989,"RB:Det:throughput":510.2327171422886,"RB:Solve:latency":11.15307,"RB:Solve:throughput":89.66141161133213,"RB:Trace:latency":0.00139,"RB:Trace:throughput":719424.4604316547,"RB:LU:latency":1.48972,"RB:LU:throughput":671.2670837472814,"RB:QR:latency":56.02165,"RB:QR:throughput":17.85024182615114,"RB:SVD:latency":165.49477,"RB:SVD:throughput":6.04248702239956,"RB:Chol:latency":8.25591,"RB:Chol:throughput":121.12535141492579,"RB:Eigen:latency":28.44886,"RB:Eigen:throughput":35.150793388557574,"RB:Rect:Mul:latency":43.29984,"RB:Rect:Mul:throughput":23.094773560364192,"RB:Rect:Trans:latency":1.02603,"RB:Rect:Trans:throughput":974.6303714316346,"RB:Rect:MatVec:latency":5.59041,"RB:Rect:MatVec:throughput":178.8777567298284,"RB:Rect:SVD:latency":176.60404,"RB:Rect:SVD:throughput":5.6623846204197825,"RB:Rect:QR:latency":86.83691,"RB:Rect:QR:throughput":11.51584044158181,"RB:Tri:LowerSolve:latency":10.5885,"RB:Tri:LowerSolve:throughput":94.44208339235963,"RB:Tri:UpperSolve:latency":10.54615,"RB:Tri:UpperSolve:throughput":94.82133290347662,"RB:Tri:Mul:latency":11.81139,"RB:Tri:Mul:throughput":84.66404038813383,"RB:Vec:Dot:latency":0.42582,"RB:Vec:Dot:throughput":2348.410126344465,"RB:Vec:Norm:latency":-1.0,"RB:Vec:Normalize:latency":-1.0,"RB:Vec:Cross:latency":0.01026,"RB:Vec:Cross:throughput":97465.88693957115,"RB:Vec:Angle:latency":-1.0,"RB:Vec:Proj:latency":1.98651,"RB:Vec:Proj:throughput":503.39540198639827,"RB:Func:Exp:latency":10.5334,"RB:Func:Exp:throughput":94.93610799931646,"RB:Func:Log:latency":29.78315,"RB:Func:Log:throughput":33.57603208525626,"RB:Func:Sin:latency":9.92542,"RB:Func:Sin:throughput":100.75140397081432,"RB:Func:Cos:latency":9.49909,"RB:Func:Cos:throughput":105.27324196317751,"RB:Func:Tan:latency":19.64445,"RB:Func:Tan:throughput":50.90496297936568,"RB:Func:Sinh:latency":9.86996,"RB:Func:Sinh:throughput":101.31753320175562,"RB:Func:Cosh:latency":9.61549,"RB:Func:Cosh:throughput":103.99886017249251,"RB:Func:Tanh:latency":20.27143,"RB:Func:Tanh:throughput":49.33051097036569,"RB:Func:Sqrt:latency":0.05899,"RB:Func:Sqrt:throughput":16952.025767079165,"RB:Func:Cbrt:latency":47.842,"RB:Func:Cbrt:throughput":20.902136198319468,"RB:Func:Pow:latency":0.00353,"RB:Func:Pow:throughput":283286.11898016994}}
  ]
}