{
  "context": {
    "title": "Universal Linear Algebra Performance Audit (EXACT)",
    "timestamp": "2026-04-26T18:30:58.761903200Z"
  },
  "runs": [
    {"name":"ND4J (Native Wrapper)","provider":"NativeND4JLinearAlgebraBackend","domain":"Linear Algebra Performance","status":"SUCCESS","metrics":{"RB:Add:latency":85.20224,"RB:Add:throughput":11.736780629241672,"RB:Sub:latency":54.95708,"RB:Sub:throughput":18.196017692351923,"RB:Scale:latency":11.54776,"RB:Scale:throughput":86.59688112672934,"RB:Mul:latency":96.42121,"RB:Mul:throughput":10.371162112568387,"RB:MatVec:latency":7.80801,"RB:MatVec:throughput":128.07360646310647,"RB:Trans:latency":1.60647,"RB:Trans:throughput":622.4828350358239,"RB:Inv:latency":17.15298,"RB:Inv:throughput":58.298907828260745,"RB:Det:latency":4.55571,"RB:Det:throughput":219.50475337543432,"RB:Solve:latency":37.66463,"RB:Solve:throughput":26.550108151865555,"RB:Trace:latency":0.00593,"RB:Trace:throughput":168634.06408094434,"RB:LU:latency":39.15651,"RB:LU:throughput":25.538537525433192,"RB:QR:latency":472.98319,"RB:QR:throughput":2.1142400430763724,"RB:SVD:latency":2529.52123,"RB:SVD:throughput":0.3953317284472841,"RB:Chol:latency":35.606,"RB:Chol:throughput":28.08515418749649,"RB:Eigen:latency":437.64021,"RB:Eigen:throughput":2.284981994684629,"RB:Rect:Mul:latency":247.63863,"RB:Rect:Mul:throughput":4.038142191305129,"RB:Rect:Trans:latency":5.5613,"RB:Rect:Trans:throughput":179.8140722492942,"RB:Rect:MatVec:latency":16.96548,"RB:Rect:MatVec:throughput":58.94321881844782,"RB:Rect:SVD:latency":539.63623,"RB:Rect:SVD:throughput":1.8531001893627492,"RB:Rect:QR:latency":668.54212,"RB:Rect:QR:throughput":1.4957920676710692,"RB:Tri:LowerSolve:latency":65.81737,"RB:Tri:LowerSolve:throughput":15.193557566946234,"RB:Tri:UpperSolve:latency":54.69411,"RB:Tri:UpperSolve:throughput":18.283504384658603,"RB:Tri:Mul:latency":33.45156,"RB:Tri:Mul:throughput":29.893972059897955,"RB:Vec:Dot:latency":0.81732,"RB:Vec:Dot:throughput":1223.5109871286643,"RB:Vec:Norm:latency":-1.0,"RB:Vec:Normalize:latency":-1.0,"RB:Vec:Cross:latency":0.01497,"RB:Vec:Cross:throughput":66800.2672010688,"RB:Vec:Angle:latency":-1.0,"RB:Vec:Proj:latency":6.68026,"RB:Vec:Proj:throughput":149.69477235915969,"RB:Func:Exp:latency":23.28481,"RB:Func:Exp:throughput":42.94645307391385,"RB:Func:Log:latency":78.26519,"RB:Func:Log:throughput":12.777072412396878,"RB:Func:Sin:latency":21.11111,"RB:Func:Sin:throughput":47.368423545706506,"RB:Func:Cos:latency":48.54955,"RB:Func:Cos:throughput":20.59751326222385,"RB:Func:Tan:latency":90.15402,"RB:Func:Tan:throughput":11.092128781389892,"RB:Func:Sinh:latency":35.35274,"RB:Func:Sinh:throughput":28.286350647785717,"RB:Func:Cosh:latency":34.20501,"RB:Func:Cosh:throughput":29.23548334001364,"RB:Func:Tanh:latency":57.34641,"RB:Func:Tanh:throughput":17.437883208382182,"RB:Func:Sqrt:latency":0.09154,"RB:Func:Sqrt:throughput":10924.186148131965,"RB:Func:Cbrt:latency":176.21451,"RB:Func:Cbrt:throughput":5.674901573088391,"RB:Func:Pow:latency":1.06638,"RB:Func:Pow:throughput":937.7520208556049}}
  ]
}