{
  "context": {
    "title": "Universal Linear Algebra Performance Audit (EXACT)",
    "timestamp": "2026-04-26T16:39:44.244506Z"
  },
  "runs": [
    {"name":"ND4J (Native Wrapper)","provider":"NativeND4JLinearAlgebraBackend","domain":"Linear Algebra Performance","status":"SUCCESS","metrics":{"RB:Add:latency":8.43438,"RB:Add:throughput":118.56236024461785,"RB:Sub:latency":6.17218,"RB:Sub:throughput":162.01730992939287,"RB:Scale:latency":4.10027,"RB:Scale:throughput":243.8863782141176,"RB:Mul:latency":37.03575,"RB:Mul:throughput":27.000938282605322,"RB:MatVec:latency":10.6516,"RB:MatVec:throughput":93.88260918547448,"RB:Trans:latency":0.3962,"RB:Trans:throughput":2523.9777889954566,"RB:Inv:latency":13.43109,"RB:Inv:throughput":74.4541209983702,"RB:Det:latency":8.9617,"RB:Det:throughput":111.58597141167412,"RB:Solve:latency":29.33621,"RB:Solve:throughput":34.087566185270695,"RB:Trace:latency":0.00247,"RB:Trace:throughput":404858.2995951417,"RB:LU:latency":6.99328,"RB:LU:throughput":142.99441749794087,"RB:QR:latency":93.13806,"RB:QR:throughput":10.736749294541887,"RB:SVD:latency":1096.91544,"RB:SVD:throughput":0.9116473007253868,"RB:Chol:latency":29.02015,"RB:Chol:throughput":34.458815684963724,"RB:Eigen:latency":230.89234,"RB:Eigen:throughput":4.331022848137795,"RB:Rect:Mul:latency":47.47891,"RB:Rect:Mul:throughput":21.061983099443523,"RB:Rect:Trans:latency":0.44574,"RB:Rect:Trans:throughput":2243.4603131870595,"RB:Rect:MatVec:latency":11.82497,"RB:Rect:MatVec:throughput":84.56681074032323,"RB:Rect:SVD:latency":4200.58984,"RB:Rect:SVD:throughput":0.2380618051487741,"RB:Rect:QR:latency":152.84627,"RB:Rect:QR:throughput":6.5425214498201365,"RB:Tri:LowerSolve:latency":14.6873,"RB:Tri:LowerSolve:throughput":68.08603351194569,"RB:Tri:UpperSolve:latency":15.27108,"RB:Tri:UpperSolve:throughput":65.48325331279779,"RB:Tri:Mul:latency":18.56234,"RB:Tri:Mul:throughput":53.87251822776655,"RB:Vec:Dot:latency":0.6869,"RB:Vec:Dot:throughput":1455.815984859514,"RB:Vec:Norm:latency":-1.0,"RB:Vec:Normalize:latency":-1.0,"RB:Vec:Cross:latency":0.01055,"RB:Vec:Cross:throughput":94786.7298578199,"RB:Vec:Angle:latency":-1.0,"RB:Vec:Proj:latency":3.16833,"RB:Vec:Proj:throughput":315.62368818904594,"RB:Func:Exp:latency":11.0349,"RB:Func:Exp:throughput":90.62157337175688,"RB:Func:Log:latency":64.32846,"RB:Func:Log:throughput":15.545219021254354,"RB:Func:Sin:latency":18.97269,"RB:Func:Sin:throughput":52.70733881173413,"RB:Func:Cos:latency":14.07217,"RB:Func:Cos:throughput":71.06224555274702,"RB:Func:Tan:latency":26.47414,"RB:Func:Tan:throughput":37.7727095195538,"RB:Func:Sinh:latency":13.28896,"RB:Func:Sinh:throughput":75.25043344249663,"RB:Func:Cosh:latency":15.23193,"RB:Func:Cosh:throughput":65.65156221174861,"RB:Func:Tanh:latency":32.82228,"RB:Func:Tanh:throughput":30.46710953657089,"RB:Func:Sqrt:latency":0.06638,"RB:Func:Sqrt:throughput":15064.77854775535,"RB:Func:Cbrt:latency":68.76198,"RB:Func:Cbrt:throughput":14.542920375474937,"RB:Func:Pow:latency":0.00456,"RB:Func:Pow:throughput":219298.24561403508}}
  ]
}