{
  "context": {
    "title": "Universal Linear Algebra Performance Audit (EXACT)",
    "timestamp": "2026-04-26T16:32:00.168679900Z"
  },
  "runs": [
    {"name":"ND4J (Native Wrapper)","provider":"NativeND4JLinearAlgebraBackend","domain":"Linear Algebra Performance","status":"SUCCESS","metrics":{"RB:Add:latency":5.21754,"RB:Add:throughput":191.66120432234348,"RB:Sub:latency":5.28932,"RB:Sub:throughput":189.06021946110275,"RB:Scale:latency":4.12385,"RB:Scale:throughput":242.49184621167115,"RB:Mul:latency":45.12239,"RB:Mul:throughput":22.161946652205256,"RB:MatVec:latency":3.70958,"RB:MatVec:throughput":269.5722965942236,"RB:Trans:latency":0.41202,"RB:Trans:throughput":2427.0666472501334,"RB:Inv:latency":7.59914,"RB:Inv:throughput":131.59383825011778,"RB:Det:latency":2.49968,"RB:Det:throughput":400.0512065544389,"RB:Solve:latency":21.91848,"RB:Solve:throughput":45.62360163660984,"RB:Trace:latency":0.00183,"RB:Trace:throughput":546448.087431694,"RB:LU:latency":2.61206,"RB:LU:throughput":382.8395978652864,"RB:QR:latency":105.60179,"RB:QR:throughput":9.469536453880186,"RB:SVD:latency":200.44321,"RB:SVD:throughput":4.988944250094578,"RB:Chol:latency":9.64862,"RB:Chol:throughput":103.64176431448229,"RB:Eigen:latency":38.57,"RB:Eigen:throughput":25.926886180969664,"RB:Rect:Mul:latency":99.57669,"RB:Rect:Mul:throughput":10.042510953115634,"RB:Rect:Trans:latency":0.75881,"RB:Rect:Trans:throughput":1317.8529539673964,"RB:Rect:MatVec:latency":6.3886,"RB:Rect:MatVec:throughput":156.52881695520145,"RB:Rect:SVD:latency":134.15046,"RB:Rect:SVD:throughput":7.454316593472732,"RB:Rect:QR:latency":133.39722,"RB:Rect:QR:throughput":7.496408096060772,"RB:Tri:LowerSolve:latency":19.19601,"RB:Tri:LowerSolve:throughput":52.09415915078185,"RB:Tri:UpperSolve:latency":20.10163,"RB:Tri:UpperSolve:throughput":49.74720955464806,"RB:Tri:Mul:latency":28.63197,"RB:Tri:Mul:throughput":34.92599356593347,"RB:Vec:Dot:latency":0.85904,"RB:Vec:Dot:throughput":1164.0901471409945,"RB:Vec:Norm:latency":-1.0,"RB:Vec:Normalize:latency":-1.0,"RB:Vec:Cross:latency":0.01133,"RB:Vec:Cross:throughput":88261.253309797,"RB:Vec:Angle:latency":-1.0,"RB:Vec:Proj:latency":3.76776,"RB:Vec:Proj:throughput":265.40968639191453,"RB:Func:Exp:latency":16.45028,"RB:Func:Exp:throughput":60.78923884578256,"RB:Func:Log:latency":37.52032,"RB:Func:Log:throughput":26.65222471450137,"RB:Func:Sin:latency":13.80366,"RB:Func:Sin:throughput":72.44455456016738,"RB:Func:Cos:latency":12.3789,"RB:Func:Cos:throughput":80.78262204234625,"RB:Func:Tan:latency":26.805,"RB:Func:Tan:throughput":37.30647267300877,"RB:Func:Sinh:latency":13.11651,"RB:Func:Sinh:throughput":76.23979244478905,"RB:Func:Cosh:latency":13.10366,"RB:Func:Cosh:throughput":76.31455639111516,"RB:Func:Tanh:latency":25.86938,"RB:Func:Tanh:throughput":38.65573894697128,"RB:Func:Sqrt:latency":0.04408,"RB:Func:Sqrt:throughput":22686.025408348458,"RB:Func:Cbrt:latency":63.81196,"RB:Func:Cbrt:throughput":15.671043484638304,"RB:Func:Pow:latency":0.01281,"RB:Func:Pow:throughput":78064.01249024199}}
  ]
}