{
  "context": {
    "title": "Universal Linear Algebra Performance Audit (NORMAL)",
    "timestamp": "2026-04-26T18:46:07.117216300Z"
  },
  "runs": [
    {"name":"Colt (Optimized)","provider":"ColtBackend","domain":"Linear Algebra Performance","status":"SUCCESS","metrics":{"R:Add:latency":11.65976,"R:Add:throughput":85.76505862899408,"R:Sub:latency":10.98623,"R:Sub:throughput":91.02303519951793,"R:Scale:latency":4.68836,"R:Scale:throughput":213.29420095726437,"R:Mul:latency":16.03824,"R:Mul:throughput":62.35098115503946,"R:MatVec:latency":3.07269,"R:MatVec:throughput":325.4477347210425,"R:Trans:latency":0.31322,"R:Trans:throughput":3192.644147883277,"R:Inv:latency":0.68746,"R:Inv:throughput":1454.6300875687314,"R:Det:latency":0.14888,"R:Det:throughput":6716.818914562063,"R:Solve:latency":13.27724,"R:Solve:throughput":75.31685802169727,"R:Trace:latency":0.00426,"R:Trace:throughput":234741.78403755868,"R:LU:latency":2.086,"R:LU:throughput":479.38638542665393,"R:QR:latency":14.76212,"R:QR:throughput":67.74094777714855,"R:SVD:latency":40.74584,"R:SVD:throughput":24.54238273158683,"R:Chol:latency":0.0669,"R:Chol:throughput":14947.683109118087,"R:Eigen:latency":0.51171,"R:Eigen:throughput":1954.2318891559673,"R:Rect:Mul:latency":64.28844,"R:Rect:Mul:throughput":15.554896027963972,"R:Rect:Trans:latency":0.1931,"R:Rect:Trans:throughput":5178.663904712585,"R:Rect:MatVec:latency":1.83531,"R:Rect:MatVec:throughput":544.867079675913,"R:Rect:SVD:latency":26.66521,"R:Rect:SVD:throughput":37.50204854940201,"R:Rect:QR:latency":12.44633,"R:Rect:QR:throughput":80.34496915958358,"R:Tri:LowerSolve:latency":4.64997,"R:Tri:LowerSolve:throughput":215.05515089344664,"R:Tri:UpperSolve:latency":3.77494,"R:Tri:UpperSolve:throughput":264.90487266022774,"R:Tri:Mul:latency":2.06831,"R:Tri:Mul:throughput":483.4865179784462,"R:Vec:Dot:latency":0.81093,"R:Vec:Dot:throughput":1233.1520599805162,"R:Vec:Norm:latency":-1.0,"R:Vec:Normalize:latency":-1.0,"R:Vec:Cross:latency":0.04701,"R:Vec:Cross:throughput":21272.06977238885,"R:Vec:Angle:latency":-1.0,"R:Vec:Proj:latency":3.34552,"R:Vec:Proj:throughput":298.90719529400513,"R:Func:Exp:latency":0.00329,"R:Func:Exp:throughput":303951.36778115504,"R:Func:Log:latency":0.00276,"R:Func:Log:throughput":362318.84057971014,"R:Func:Sin:latency":0.00302,"R:Func:Sin:throughput":331125.8278145695,"R:Func:Cos:latency":0.00331,"R:Func:Cos:throughput":302114.80362537765,"R:Func:Tan:latency":0.01068,"R:Func:Tan:throughput":93632.95880149813,"R:Func:Sinh:latency":0.00811,"R:Func:Sinh:throughput":123304.56226880396,"R:Func:Cosh:latency":0.00519,"R:Func:Cosh:throughput":192678.2273603083,"R:Func:Tanh:latency":0.00291,"R:Func:Tanh:throughput":343642.61168384884,"R:Func:Sqrt:latency":0.00262,"R:Func:Sqrt:throughput":381679.3893129771,"R:Func:Cbrt:latency":0.00412,"R:Func:Cbrt:throughput":242718.44660194172,"R:Func:Pow:latency":0.00392,"R:Func:Pow:throughput":255102.04081632654}},
    {"name":"Apache Commons Math (Optimized)","provider":"CommonsMathBackend","domain":"Linear Algebra Performance","status":"SUCCESS","metrics":{"R:Add:latency":0.83086,"R:Add:throughput":1203.5722022964158,"R:Sub:latency":1.07676,"R:Sub:throughput":928.7120621122627,"R:Scale:latency":0.64053,"R:Scale:throughput":1561.20712534932,"R:Mul:latency":5.81385,"R:Mul:throughput":172.00306165449743,"R:MatVec:latency":1.10504,"R:MatVec:throughput":904.9446173894157,"R:Trans:latency":0.09085,"R:Trans:throughput":11007.15465052284,"R:Inv:latency":0.18066,"R:Inv:throughput":5535.259603675413,"R:Det:latency":0.05267,"R:Det:throughput":18986.14011771407,"R:Solve:latency":5.06473,"R:Solve:throughput":197.44389138216647,"R:Trace:latency":0.00319,"R:Trace:throughput":313479.6238244514,"R:LU:latency":0.08756,"R:LU:throughput":11420.740063956144,"R:QR:latency":6.04421,"R:QR:throughput":165.4475936474742,"R:SVD:latency":67.16053,"R:SVD:throughput":14.889697862717881,"R:Chol:latency":0.19858,"R:Chol:throughput":5035.753852351697,"R:Eigen:latency":0.32865,"R:Eigen:throughput":3042.750646584512,"R:Rect:Mul:latency":6.71166,"R:Rect:Mul:throughput":148.9944365477393,"R:Rect:Trans:latency":0.09965,"R:Rect:Trans:throughput":10035.122930255895,"R:Rect:MatVec:latency":1.80304,"R:Rect:MatVec:throughput":554.618865915343,"R:Rect:SVD:latency":100.62507,"R:Rect:SVD:throughput":9.937881285449045,"R:Rect:QR:latency":12.21335,"R:Rect:QR:throughput":81.87761752508526,"R:Tri:LowerSolve:latency":5.99038,"R:Tri:LowerSolve:throughput":166.9343180232306,"R:Tri:UpperSolve:latency":4.36263,"R:Tri:UpperSolve:throughput":229.21953042086997,"R:Tri:Mul:latency":16.85667,"R:Tri:Mul:throughput":59.32369797830769,"R:Vec:Dot:latency":2.47172,"R:Vec:Dot:throughput":404.5765701616688,"R:Vec:Norm:latency":-1.0,"R:Vec:Normalize:latency":-1.0,"R:Vec:Cross:latency":0.03861,"R:Vec:Cross:throughput":25900.0259000259,"R:Vec:Angle:latency":-1.0,"R:Vec:Proj:latency":2.05616,"R:Vec:Proj:throughput":486.34347521593645,"R:Func:Exp:latency":0.00177,"R:Func:Exp:throughput":564971.7514124294,"R:Func:Log:latency":0.41924,"R:Func:Log:throughput":2385.268581242248,"R:Func:Sin:latency":0.00145,"R:Func:Sin:throughput":689655.1724137932,"R:Func:Cos:latency":0.00146,"R:Func:Cos:throughput":684931.5068493151,"R:Func:Tan:latency":0.00155,"R:Func:Tan:throughput":645161.2903225807,"R:Func:Sinh:latency":0.00294,"R:Func:Sinh:throughput":340136.0544217687,"R:Func:Cosh:latency":0.01256,"R:Func:Cosh:throughput":79617.83439490446,"R:Func:Tanh:latency":0.0021,"R:Func:Tanh:throughput":476190.4761904762,"R:Func:Sqrt:latency":0.00128,"R:Func:Sqrt:throughput":781249.9999999999,"R:Func:Cbrt:latency":0.00149,"R:Func:Cbrt:throughput":671140.9395973154,"R:Func:Pow:latency":0.00211,"R:Func:Pow:throughput":473933.64928909956}},
    {"name":"EJML (Optimized)","provider":"EJMLBackend","domain":"Linear Algebra Performance","status":"SUCCESS","metrics":{"R:Add:latency":0.83654,"R:Add:throughput":1195.4001004136085,"R:Sub:latency":1.38125,"R:Sub:throughput":723.9819004524886,"R:Scale:latency":0.61568,"R:Scale:throughput":1624.2203742203742,"R:Mul:latency":9.59992,"R:Mul:throughput":104.1675347294561,"R:MatVec:latency":0.74868,"R:MatVec:throughput":1335.684137415184,"R:Trans:latency":0.15528,"R:Trans:throughput":6439.979392065945,"R:Inv:latency":0.1108,"R:Inv:throughput":9025.270758122744,"R:Det:latency":0.0431,"R:Det:throughput":23201.85614849188,"R:Solve:latency":6.31017,"R:Solve:throughput":158.47433587367692,"R:Trace:latency":0.00321,"R:Trace:throughput":311526.4797507788,"R:LU:latency":0.13215,"R:LU:throughput":7567.158531971246,"R:QR:latency":9.75817,"R:QR:throughput":102.4782310617667,"R:SVD:latency":162.68728,"R:SVD:throughput":6.146762057857259,"R:Chol:latency":0.05808,"R:Chol:throughput":17217.63085399449,"R:Eigen:latency":0.39118,"R:Eigen:throughput":2556.3679124699624,"R:Rect:Mul:latency":5.08767,"R:Rect:Mul:throughput":196.55362867481577,"R:Rect:Trans:latency":0.06245,"R:Rect:Trans:throughput":16012.810248198559,"R:Rect:MatVec:latency":1.14375,"R:Rect:MatVec:throughput":874.3169398907104,"R:Rect:SVD:latency":47.56317,"R:Rect:SVD:throughput":21.024670979667672,"R:Rect:QR:latency":7.36967,"R:Rect:QR:throughput":135.6912860413017,"R:Tri:LowerSolve:latency":3.38282,"R:Tri:LowerSolve:throughput":295.6113538408783,"R:Tri:UpperSolve:latency":8.53526,"R:Tri:UpperSolve:throughput":117.1610472323046,"R:Tri:Mul:latency":2.10142,"R:Tri:Mul:throughput":475.86869830876265,"R:Vec:Dot:latency":0.55514,"R:Vec:Dot:throughput":1801.3474078610802,"R:Vec:Norm:latency":-1.0,"R:Vec:Normalize:latency":-1.0,"R:Vec:Cross:latency":0.02503,"R:Vec:Cross:throughput":39952.05753096285,"R:Vec:Angle:latency":-1.0,"R:Vec:Proj:latency":2.80344,"R:Vec:Proj:throughput":356.7046200382387,"R:Func:Exp:latency":0.00189,"R:Func:Exp:throughput":529100.5291005292,"R:Func:Log:latency":0.00173,"R:Func:Log:throughput":578034.6820809249,"R:Func:Sin:latency":0.00797,"R:Func:Sin:throughput":125470.51442910917,"R:Func:Cos:latency":0.0019,"R:Func:Cos:throughput":526315.7894736842,"R:Func:Tan:latency":0.00188,