{
  "context": {
    "title": "Universal Linear Algebra Performance Audit (FAST)",
    "timestamp": "2026-04-26T18:56:41.558388500Z"
  },
  "runs": [
    {"name":"Colt (Optimized)","provider":"ColtBackend","domain":"Linear Algebra Performance","status":"SUCCESS","metrics":{"R:Add:latency":10.73808,"R:Add:throughput":93.12651796224279,"R:Sub:latency":8.04251,"R:Sub:throughput":124.33929208667443,"R:Scale:latency":6.53856,"R:Scale:throughput":152.93887339108304,"R:Mul:latency":36.09698,"R:Mul:throughput":27.703148573647987,"R:MatVec:latency":-1.0,"R:Trans:latency":1.94823,"R:Trans:throughput":513.2864189546409,"R:Inv:latency":0.70527,"R:Inv:throughput":1417.8966920470175,"R:Det:latency":0.23242,"R:Det:throughput":4302.55571809655,"R:Solve:latency":-1.0,"R:Trace:latency":0.00546,"R:Trace:throughput":183150.18315018318,"R:LU:latency":-1.0,"R:QR:latency":-1.0,"R:SVD:latency":-1.0,"R:Chol:latency":0.13987,"R:Chol:throughput":7149.495960534782,"R:Eigen:latency":-1.0,"R:Rect:Mul:latency":13.16929,"R:Rect:Mul:throughput":75.93423791259818,"R:Rect:Trans:latency":0.56985,"R:Rect:Trans:throughput":1754.8477669562167,"R:Rect:MatVec:latency":-1.0,"R:Rect:SVD:latency":-1.0,"R:Rect:QR:latency":-1.0,"R:Tri:LowerSolve:latency":-1.0,"R:Tri:UpperSolve:latency":-1.0,"R:Tri:Mul:latency":7.05734,"R:Tri:Mul:throughput":141.69644653651375,"R:Vec:Dot:latency":2.05549,"R:Vec:Dot:throughput":486.5020019557381,"R:Vec:Norm:latency":-1.0,"R:Vec:Normalize:latency":-1.0,"R:Vec:Cross:latency":0.06593,"R:Vec:Cross:throughput":15167.602002123464,"R:Vec:Angle:latency":-1.0,"R:Vec:Proj:latency":7.23093,"R:Vec:Proj:throughput":138.2947974880133,"R:Func:Exp:latency":0.00379,"R:Func:Exp:throughput":263852.2427440633,"R:Func:Log:latency":0.0035,"R:Func:Log:throughput":285714.2857142857,"R:Func:Sin:latency":0.00364,"R:Func:Sin:throughput":274725.2747252747,"R:Func:Cos:latency":0.0211,"R:Func:Cos:throughput":47393.36492890995,"R:Func:Tan:latency":0.00484,"R:Func:Tan:throughput":206611.5702479339,"R:Func:Sinh:latency":0.00442,"R:Func:Sinh:throughput":226244.3438914027,"R:Func:Cosh:latency":0.00543,"R:Func:Cosh:throughput":184162.06261510128,"R:Func:Tanh:latency":0.00269,"R:Func:Tanh:throughput":371747.2118959108,"R:Func:Sqrt:latency":0.00271,"R:Func:Sqrt:throughput":369003.69003690034,"R:Func:Cbrt:latency":0.01309,"R:Func:Cbrt:throughput":76394.19404125286,"R:Func:Pow:latency":0.00273,"R:Func:Pow:throughput":366300.36630036635}},
    {"name":"Apache Commons Math (Optimized)","provider":"CommonsMathBackend","domain":"Linear Algebra Performance","status":"SUCCESS","metrics":{"R:Add:latency":2.06256,"R:Add:throughput":484.8343805755954,"R:Sub:latency":1.29992,"R:Sub:throughput":769.2781094221183,"R:Scale:latency":1.7195,"R:Scale:throughput":581.5644082582146,"R:Mul:latency":7.78017,"R:Mul:throughput":128.53189583261033,"R:MatVec:latency":-1.0,"R:Trans:latency":0.09394,"R:Trans:throughput":10645.092612305727,"R:Inv:latency":1.81271,"R:Inv:throughput":551.6602214364128,"R:Det:latency":0.07382,"R:Det:throughput":13546.4643727987,"R:Solve:latency":-1.0,"R:Trace:latency":0.00389,"R:Trace:throughput":257069.4087403599,"R:LU:latency":-1.0,"R:QR:latency":-1.0,"R:SVD:latency":-1.0,"R:Chol:latency":0.1607,"R:Chol:throughput":6222.775357809583,"R:Eigen:latency":-1.0,"R:Rect:Mul:latency":6.88283,"R:Rect:Mul:throughput":145.28907440689366,"R:Rect:Trans:latency":0.08591,"R:Rect:Trans:throughput":11640.088464672332,"R:Rect:MatVec:latency":-1.0,"R:Rect:SVD:latency":-1.0,"R:Rect:QR:latency":-1.0,"R:Tri:LowerSolve:latency":-1.0,"R:Tri:UpperSolve:latency":-1.0,"R:Tri:Mul:latency":5.49721,"R:Tri:Mul:throughput":181.91046003336237,"R:Vec:Dot:latency":1.74366,"R:Vec:Dot:throughput":573.5063028342681,"R:Vec:Norm:latency":-1.0,"R:Vec:Normalize:latency":-1.0,"R:Vec:Cross:latency":0.07152,"R:Vec:Cross:throughput":13982.102908277406,"R:Vec:Angle:latency":-1.0,"R:Vec:Proj:latency":4.76709,"R:Vec:Proj:throughput":209.77157972683545,"R:Func:Exp:latency":0.00144,"R:Func:Exp:throughput":694444.4444444444,"R:Func:Log:latency":0.00145,"R:Func:Log:throughput":689655.1724137932,"R:Func:Sin:latency":0.00146,"R:Func:Sin:throughput":684931.5068493151,"R:Func:Cos:latency":0.00155,"R:Func:Cos:throughput":645161.2903225807,"R:Func:Tan:latency":0.00156,"R:Func:Tan:throughput":641025.641025641,"R:Func:Sinh:latency":0.00314,"R:Func:Sinh:throughput":318471.33757961786,"R:Func:Cosh:latency":0.0112,"R:Func:Cosh:throughput":89285.71428571429,"R:Func:Tanh:latency":0.00153,"R:Func:Tanh:throughput":653594.7712418301,"R:Func:Sqrt:latency":0.00145,"R:Func:Sqrt:throughput":689655.1724137932,"R:Func:Cbrt:latency":0.00159,"R:Func:Cbrt:throughput":628930.8176100629,"R:Func:Pow:latency":0.00266,"R:Func:Pow:throughput":375939.84962406015}},
    {"name":"EJML (Optimized)","provider":"EJMLBackend","domain":"Linear Algebra Performance","status":"SUCCESS","metrics":{"R:Add:latency":1.97779,"R:Add:throughput":505.61485294192005,"R:Sub:latency":1.22784,"R:Sub:throughput":814.4383633046651,"R:Scale:latency":0.9237,"R:Scale:throughput":1082.6025765941324,"R:Mul:latency":6.27515,"R:Mul:throughput":159.35874042851566,"R:MatVec:latency":-1.0,"R:Trans:latency":0.10593,"R:Trans:throughput":9440.196356084207,"R:Inv:latency":0.12304,"R:Inv:throughput":8127.438231469441,"R:Det:latency":0.05059,"R:Det:throughput":19766.7523225934,"R:Solve:latency":-1.0,"R:Trace:latency":0.00363,"R:Trace:throughput":275482.09366391186,"R:LU:latency":-1.0,"R:QR:latency":-1.0,"R:SVD:latency":-1.0,"R:Chol:latency":0.0581,"R:Chol:throughput":17211.70395869191,"R:Eigen:latency":-1.0,"R:Rect:Mul:latency":8.03931,"R:Rect:Mul:throughput":124.38878460962445,"R:Rect:Trans:latency":0.12525,"R:Rect:Trans:throughput":7984.031936127744,"R:Rect:MatVec:latency":-1.0,"R:Rect:SVD:latency":-1.0,"R:Rect:QR:latency":-1.0,"R:Tri:LowerSolve:latency":-1.0,"R:Tri:UpperSolve:latency":-1.0,"R:Tri:Mul:latency":3.54166,"R:Tri:Mul:throughput":282.3534726653603,"R:Vec:Dot:latency":2.31915,"R:Vec:Dot:throughput":431.192462755751,"R:Vec:Norm:latency":-1.0,"R:Vec:Normalize:latency":-1.0,"R:Vec:Cross:latency":0.25738,"R:Vec:Cross:throughput":3885.3057735643797,"R:Vec:Angle:latency":-1.0,"R:Vec:Proj:latency":7.23551,"R:Vec:Proj:throughput":138.207258368795,"R:Func:Exp:latency":0.00152,"R:Func:Exp:throughput":657894.7368421053,"R:Func:Log:latency":0.0015,"R:Func:Log:throughput":666666.6666666666,"R:Func:Sin:latency":0.00148,"R:Func:Sin:throughput":675675.6756756757,"R:Func:Cos:latency":0.00149,"R:Func:Cos:throughput":671140.9395973154,"R:Func:Tan:latency":0.00154,"R:Func:Tan:throughput":649350.6493506493,"R:Func:Sinh:latency":0.0118,"R:Func:Sinh:throughput":84745.76271186442,"R:Func:Cosh:latency":0.00307,"R:Func:Cosh:throughput":325732.8990228013,"R:Func:Tanh:latency":0.0015,"R:Func:Tanh:throughput":666666.6666666666,"R:Func:Sqrt:latency":0.0025,"R:Func:Sqrt:throughput":400000.0,"R:Func:Cbrt:latency":0.00154,"R:Func:Cbrt:throughput":649350.6493506493,"R:Func:Pow:latency":0.00265,"R:Func:Pow:throughput":377358.4905660377}},
    {"name":"JBlas (Optimized)","provider":"JBlasBackend","domain":"Linear Algebra Performance","status":"SUCCESS","metrics":{"R:Add:latency":1.00892,"R:Add:throughput":991.1588629425524,"R:Sub:latency":1.15027,"R:Sub:throughput":869.3611065228165,"R:Scale:latency":0.64356,"R:Scale:throughput":1553.8566722605506,"R:Mul:latency":6.96125,"R:Mul:throughput":143.65236128568864,"R:MatVec:latency":-1.0,"R:Trans:latency":0.04596,"R:Trans:throughput":21758.05047867711,"R:Inv:latency":0.10557,"R:Inv:throughput":9472.38798901203,"R:Det:latency":0.04091,"R:Det:throughput":24443.90124663896,"R:Solve:latency":-1.0,"R:Trace:latency":0.00529,"R:Trace:throughput":189035.91682419658,"R:LU:latency":-1.0,"R:QR:latency":-1.0,"R:SVD:latency":-1.0,"R:Chol:latency":0.51724,"R:Chol:throughput":1933.338488902637,"R:Eigen:latency":-1.0,"R:Rect:Mul:latency":5.59757,"R:Rect:Mul:throughput":178.64894945485273,"R:Rect:Trans:latency":0.04745,"R:Rect:Trans:throughput":21074.81559536354,"R:Rect:MatVec:latency":-1.0,