{
  "context": {
    "title": "Universal Linear Algebra Performance Audit (FAST)",
    "timestamp": "2026-05-18T06:30:03.349285370Z"
  },
  "runs": [
    {"name":"Episteme Distributed Linear Algebra Provider (LocalDistributedContext)","provider":"DistributedLinearAlgebraProvider","domain":"Linear Algebra Performance","status":"SUCCESS","metrics":{"R:Add:latency":3.1994116,"R:Add:throughput":312.557471505073,"R:Sub:latency":3.3897081,"R:Sub:throughput":295.0106529821845,"R:Scale:latency":1.4210602,"R:Scale:throughput":703.6999558498648,"R:Mul:latency":2.2409292,"R:Mul:throughput":446.2434600789708,"R:MatVec:latency":3.8306881,"R:MatVec:throughput":261.0497054041022,"R:Trans:latency":3.5179222,"R:Trans:throughput":284.2587024806859,"R:Inv:latency":3.3855488,"R:Inv:throughput":295.3730869275906,"R:Det:latency":2.2409944,"R:Det:throughput":446.2304769704021,"R:Solve:latency":8.1651009,"R:Solve:throughput":122.47246081184373,"R:Trace:latency":0.1967121,"R:Trace:throughput":5083.571371562807,"R:LU:latency":5.8187039,"R:LU:throughput":171.85957855666103,"R:QR:latency":4.6891825,"R:QR:throughput":213.25678836343008,"R:SVD:latency":38.8373268,"R:SVD:throughput":25.748425095004222,"R:Chol:latency":2.1345546,"R:Chol:throughput":468.48180880451594,"R:Eigen:latency":34.5766929,"R:Eigen:throughput":28.921215886438926,"R:Rect:Mul:latency":1.0853382,"R:Rect:Mul:throughput":921.3717899176496,"R:Rect:Trans:latency":1.6850152,"R:Rect:Trans:throughput":593.4664565637153,"R:Rect:MatVec:latency":1.7420694,"R:Rect:MatVec:throughput":574.029943927607,"R:Rect:SVD:latency":37.5396536,"R:Rect:SVD:throughput":26.638498337129036,"R:Rect:QR:latency":2.9888595,"R:Rect:QR:throughput":334.57578049419857,"R:Tri:LowerSolve:latency":3.7856484,"R:Tri:LowerSolve:throughput":264.15554069944795,"R:Tri:UpperSolve:latency":5.6921926,"R:Tri:UpperSolve:throughput":175.67922771973667,"R:Tri:Mul:latency":0.7652863,"R:Tri:Mul:throughput":1306.7005119521937,"R:Vec:Dot:latency":0.6680165,"R:Vec:Dot:throughput":1496.9690119929671,"R:Vec:Norm:latency":1.3249527,"R:Vec:Norm:throughput":754.7439240661195,"R:Vec:Normalize:latency":-1.0,"R:Vec:Cross:latency":-1.0,"R:Vec:Angle:latency":-1.0,"R:Vec:Proj:latency":-1.0,"R:Func:Exp:latency":2.337263,"R:Func:Exp:throughput":427.8508665905377,"R:Func:Log:latency":0.4884195,"R:Func:Log:throughput":2047.4203016054846,"R:Func:Sin:latency":0.9072042,"R:Func:Sin:throughput":1102.2876657757977,"R:Func:Cos:latency":1.501653,"R:Func:Cos:throughput":665.9328087114667,"R:Func:Tan:latency":1.0524425,"R:Func:Tan:throughput":950.1706744073905,"R:Func:Sinh:latency":0.2771424,"R:Func:Sinh:throughput":3608.2533744385555,"R:Func:Cosh:latency":1.194908,"R:Func:Cosh:throughput":836.8845132847047,"R:Func:Tanh:latency":1.4173834,"R:Func:Tanh:throughput":705.525406887085,"R:Func:Sqrt:latency":1.1891346,"R:Func:Sqrt:throughput":840.9476942307456,"R:Func:Cbrt:latency":0.5092316,"R:Func:Cbrt:throughput":1963.7430198754357,"R:Func:Pow:latency":1.0286985,"R:Func:Pow:throughput":972.1021271052695,"R:Sparse:BiCGSTAB:latency":10.4457115,"R:Sparse:BiCGSTAB:throughput":95.73306710605591,"R:Sparse:ConjGrad:latency":8.2822199,"R:Sparse:ConjGrad:throughput":120.74057584488914,"R:Sparse:GMRES:latency":105.6667432,"R:Sparse:GMRES:throughput":9.46371554299972}},
    {"name":"ND4J (Native-Dense)","provider":"NativeND4JLinearAlgebraBackend","domain":"Linear Algebra Performance","status":"SUCCESS","metrics":{"R:Add:latency":4.5052153,"R:Add:throughput":221.96497468167615,"R:Sub:latency":2.6633141,"R:Sub:throughput":375.4720481523377,"R:Scale:latency":2.1230294,"R:Scale:throughput":471.0250362053394,"R:Mul:latency":2.8879285,"R:Mul:throughput":346.26896060619225,"R:MatVec:latency":-1.0,"R:Trans:latency":1.8997399,"R:Trans:throughput":526.3878491997773,"R:Inv:latency":3.0449653,"R:Inv:throughput":328.410967441895,"R:Det:latency":2.71883,"R:Det:throughput":367.8052691782862,"R:Solve:latency":-1.0,"R:Trace:latency":0.098058,"R:Trace:throughput":10198.04605437598,"R:LU:latency":-1.0,"R:QR:latency":4.7225705,"R:QR:throughput":211.74908876426514,"R:SVD:latency":-1.0,"R:Chol:latency":1.7925038,"R:Chol:throughput":557.8788731159175,"R:Eigen:latency":26.7979341,"R:Eigen:throughput":37.31630939416334,"R:Rect:Mul:latency":2.3822672,"R:Rect:Mul:throughput":419.76819392887586,"R:Rect:Trans:latency":1.6260453,"R:Rect:Trans:throughput":614.989016603658,"R:Rect:MatVec:latency":-1.0,"R:Rect:SVD:latency":-1.0,"R:Rect:QR:latency":4.3906616,"R:Rect:QR:throughput":227.75610855548516,"R:Tri:LowerSolve:latency":-1.0,"R:Tri:UpperSolve:latency":-1.0,"R:Tri:Mul:latency":2.0161096,"R:Tri:Mul:throughput":496.0047806924782,"R:Vec:Dot:latency":0.9735261,"R:Vec:Dot:throughput":1027.1938266472773,"R:Vec:Norm:latency":0.7528957,"R:Vec:Norm:throughput":1328.2052215200592,"R:Vec:Normalize:latency":-1.0,"R:Vec:Cross:latency":-1.0,"R:Vec:Angle:latency":-1.0,"R:Vec:Proj:latency":-1.0,"R:Func:Exp:latency":-1.0,"R:Func:Log:latency":-1.0,"R:Func:Sin:latency":-1.0,"R:Func:Cos:latency":-1.0,"R:Func:Tan:latency":-1.0,"R:Func:Sinh:latency":-1.0,"R:Func:Cosh:latency":-1.0,"R:Func:Tanh:latency":-1.0,"R:Func:Sqrt:latency":-1.0,"R:Func:Cbrt:latency":-1.0,"R:Func:Pow:latency":-1.0}},
    {"name":"Native OpenCL Dense Float Backend","provider":"NativeOpenCLDenseLinearAlgebraFloatBackend","domain":"Linear Algebra Performance","status":"SUCCESS","metrics":{"R:Add:latency":1.4326807,"R:Add:throughput":697.9922323236434,"R:Sub:latency":1.37867,"R:Sub:throughput":725.3367375804216,"R:Scale:latency":1.22047,"R:Scale:throughput":819.3564774226323,"R:Mul:latency":2.8458855,"R:Mul:throughput":351.3844812098027,"R:MatVec:latency":1.0572469,"R:MatVec:throughput":945.8528561303892,"R:Trans:latency":1.4811045,"R:Trans:throughput":675.1718059056602,"R:Inv:latency":2.437226,"R:Inv:throughput":410.30253246929095,"R:Det:latency":1.4053295,"R:Det:throughput":711.5768935327978,"R:Solve:latency":3.7922371,"R:Solve:throughput":263.6965921777412,"R:Trace:latency":0.8418569,"R:Trace:throughput":1187.8503341838737,"R:LU:latency":3.9732084,"R:LU:throughput":251.68576609271238,"R:QR:latency":-1.0,"R:SVD:latency":58.6066241,"R:SVD:throughput":17.062917636984317,"R:Chol:latency":1.641512,"R:Chol:throughput":609.1944499948827,"R:Eigen:latency":33.0559815,"R:Eigen:throughput":30.251711025431206,"R:Rect:Mul:latency":1.1887495,"R:Rect:Mul:throughput":841.2201224900621,"R:Rect:Trans:latency":0.8302796,"R:Rect:Trans:throughput":1204.413549363371,"R:Rect:MatVec:latency":1.0739704,"R:Rect:MatVec:throughput":931.124358734654,"R:Rect:SVD:latency":33.4541913,"R:Rect:SVD:throughput":29.89162078474753,"R:Rect:QR:latency":-1.0,"R:Tri:LowerSolve:latency":3.0996571,"R:Tri:LowerSolve:throughput":322.616330690256,"R:Tri:UpperSolve:latency":2.7270738,"R:Tri:UpperSolve:throughput":366.6934132842316,"R:Tri:Mul:latency":1.1748765,"R:Tri:Mul:throughput":851.1532914310567,"R:Vec:Dot:latency":0.7988252,"R:Vec:Dot:throughput":1251.8383245796451,"R:Vec:Norm:latency":0.9432356,"R:Vec:Norm:throughput":1060.1805105744525,"R:Vec:Normalize:latency":-1.0,"R:Vec:Cross:latency":-1.0,"R:Vec:Angle:latency":-1.0,"R:Vec:Proj:latency":-1.0,"R:Func:Exp:latency":-1.0,"R:Func:Log:latency":-1.0,"R:Func:Sin:latency":-1.0,"R:Func:Cos:latency":-1.0,"R:Func:Tan:latency":-1.0,"R:Func:Sinh:latency":-1.0,"R:Func:Cosh:latency":-1.0,"R:Func:Tanh:latency":-1.0,"R:Func:Sqrt:latency":-1.0,"R:Func:Cbrt:latency":-1.0,"R:Func:Pow:latency":-1.0}},
    {"name":"Native OpenCL Sparse Float Backend","provider":"NativeOpenCLSparseLinearAlgebraFloatBackend","domain":"Linear Algebra Performance","status":"SUCCESS","metrics":{"R:Add:latency":-1.0,"R:Sub:latency":-1.0,"R:Scale:latency":-1.0,"R:Mul:latency":-1.0,"R:MatVec:latency":0.6413664,"R:MatVec:throughput":1559.1711695530043,"R:Trans:latency":-1.0,"R:Inv:latency":-1.0,"R:Det:latency":-1.0,"R:Solve:latency":5.1825755,"R:Solve:throughput":192.95425604508802,"R:Trace:latency":0.0402969,"R:Trace:throughput":24815.804689690773,"R:LU:latency":-1.0,"R:QR:latency":-1.0,"R:SVD:latency":-1.0,